call_id,happyrobot_run_id,started_at,ended_at,duration_seconds,mc_number,load_id,origin,destination,pickup_datetime,delivery_datetime,equipment_type,listed_rate,proposed_rate,final_rate,negotiation_rounds,eligible,outcome,sentiment,notes,transcript,logged_at
517e9035,3fe39093-7c76-4306-b5ba-4829caabfb94,2025-11-12T04:47:11.930353,2025-11-12T04:52:11.930353,588,6334,LOAD007,Dallas,Denver,2025-11-17 04:47:11,2025-11-18 04:47:11,Reefer,1875,1569,,3,True,not_eligible,very_negative,Synthetic test call,,2025-11-12T04:47:11.930353
e7a31540,94ce9b22-6e36-458f-9baa-16c4a853e990,2025-09-20T05:45:11.930353,2025-09-20T05:51:11.930353,441,9176,LOAD042,Dallas,Atlanta,2025-09-21 05:45:11,2025-09-22 05:45:11,Reefer,2399,3177,3098.0,1,True,booked_load,negative,Synthetic test call,,2025-09-20T05:45:11.930353
78413496,471c1d75-63bd-469e-b978-a8234711d9e2,2025-11-13T10:31:11.930353,2025-11-13T10:41:11.930353,187,7943,LOAD042,Denver,Denver,2025-11-13 10:31:11,2025-11-14 10:31:11,Reefer,1721,2014,,3,True,not_interested,very_negative,Synthetic test call,,2025-11-13T10:31:11.930353
60a42027,fdbb0d1d-de5f-4b53-8294-6dbf62eade91,2025-10-22T12:16:11.930353,2025-10-22T12:30:11.930353,249,7302,LOAD042,Atlanta,Miami,2025-10-26 12:16:11,2025-10-27 12:16:11,Reefer,2292,3461,,0,True,no_match,very_positive,Synthetic test call,,2025-10-22T12:16:11.930353
8e117f8f,fea60089-ca8a-46d0-85a5-dc2e0c1021fe,2025-10-11T09:41:11.930353,2025-10-11T09:56:11.930353,285,6756,LOAD034,Chicago,Houston,2025-10-13 09:41:11,2025-10-14 09:41:11,Dry Van,3932,2637,,2,False,not_eligible,very_positive,Synthetic test call,,2025-10-11T09:41:11.930353
d3e3229e,58895298-271d-4724-9880-ea078f494bd0,2025-10-29T05:42:11.930353,2025-10-29T05:54:11.930353,393,8706,LOAD021,Chicago,Phoenix,2025-11-03 05:42:11,2025-11-04 05:42:11,Reefer,2706,3301,,2,False,no_match,positive,Synthetic test call,,2025-10-29T05:42:11.930353
4b4ba4ca,5a4bfc3c-b6d9-4039-8413-bb61dcaa1c1f,2025-10-26T10:18:11.930353,2025-10-26T10:20:11.930353,541,7368,LOAD008,New York,Miami,2025-10-28 10:18:11,2025-10-29 10:18:11,Flatbed,2787,1811,,1,True,not_interested,very_negative,Synthetic test call,,2025-10-26T10:18:11.930353
d98eaff4,da5d8794-32ca-4221-93b3-1bf8fb086cb0,2025-11-13T01:55:11.930353,2025-11-13T02:01:11.930353,65,4132,LOAD041,Atlanta,Atlanta,2025-11-14 01:55:11,2025-11-15 01:55:11,Dry Van,3907,2042,,1,True,not_interested,neutral,Synthetic test call,,2025-11-13T01:55:11.930353
7c934722,c28f7468-fa6d-4af1-a9c4-12e91b7417f0,2025-10-22T01:59:11.930353,2025-10-22T02:08:11.930353,302,1236,LOAD006,Miami,Miami,2025-10-24 01:59:11,2025-10-25 01:59:11,Reefer,3654,1574,,3,False,not_eligible,neutral,Synthetic test call,,2025-10-22T01:59:11.930353
8a4a40ec,75036dbb-39f0-4a11-9304-d04bec1322e1,2025-10-03T06:25:11.930353,2025-10-03T06:31:11.930353,288,4649,LOAD005,Phoenix,Dallas,2025-10-07 06:25:11,2025-10-08 06:25:11,Dry Van,3427,1456,,3,False,no_match,positive,Synthetic test call,,2025-10-03T06:25:11.930353
7c79942b,28cfe744-d117-4bc0-975c-6ac54fdc1e93,2025-10-29T10:21:11.930353,2025-10-29T10:25:11.930353,89,6092,LOAD009,Miami,Dallas,2025-10-30 10:21:11,2025-10-31 10:21:11,Dry Van,2002,2713,,1,False,not_interested,very_negative,Synthetic test call,,2025-10-29T10:21:11.930353
bcfaeb13,cc5e81cf-4181-4eb1-8a9c-cfd896705eb4,2025-11-03T02:41:11.930353,2025-11-03T02:53:11.930353,90,9838,LOAD007,Houston,Miami,2025-11-07 02:41:11,2025-11-08 02:41:11,Flatbed,2198,1411,,0,False,not_interested,positive,Synthetic test call,,2025-11-03T02:41:11.930353
90308fd1,06b24ddd-0d23-409a-860c-5887c8447cba,2025-11-08T01:36:11.930353,2025-11-08T01:39:11.930353,557,6072,LOAD026,Houston,Dallas,2025-11-08 01:36:11,2025-11-09 01:36:11,Reefer,3785,2298,,1,False,no_match,neutral,Synthetic test call,,2025-11-08T01:36:11.930353
42bf7bb4,80599364-0ae2-4165-a65b-0b0c0ddb68d8,2025-10-09T09:57:11.930353,2025-10-09T10:00:11.930353,535,5989,LOAD032,Los Angeles,Dallas,2025-10-13 09:57:11,2025-10-14 09:57:11,Flatbed,2932,1696,,1,False,no_load_price,very_negative,Synthetic test call,,2025-10-09T09:57:11.930353
a5f5d680,9bcd0bc7-7f04-4e28-ae61-e51d20a445e0,2025-11-05T23:57:11.930353,2025-11-06T00:12:11.930353,598,4264,LOAD007,Houston,Miami,2025-11-10 23:57:11,2025-11-11 23:57:11,Dry Van,3174,2440,2493.0,0,False,booked_load,negative,Synthetic test call,,2025-11-05T23:57:11.930353
b0510008,98990796-edc9-45bc-989f-a4d706c05c9c,2025-10-26T05:06:11.930353,2025-10-26T05:18:11.930353,130,6539,LOAD033,Miami,Dallas,2025-10-30 05:06:11,2025-10-31 05:06:11,Dry Van,3671,2591,,2,True,not_eligible,positive,Synthetic test call,,2025-10-26T05:06:11.930353
acbcf762,6d402bcb-255e-45dc-bf38-41000f881769,2025-11-12T23:41:11.930353,2025-11-12T23:53:11.930353,591,1071,LOAD030,Phoenix,Chicago,2025-11-12 23:41:11,2025-11-13 23:41:11,Dry Van,1663,1353,,0,False,no_match,neutral,Synthetic test call,,2025-11-12T23:41:11.930353
06671835,a89e83a2-4187-4887-b9f7-1169abdfaaf7,2025-09-24T22:28:11.930353,2025-09-24T22:40:11.930353,549,6343,LOAD043,Phoenix,Los Angeles,2025-09-26 22:28:11,2025-09-27 22:28:11,Flatbed,1814,2385,,3,True,no_load_price,very_negative,Synthetic test call,,2025-09-24T22:28:11.930353
329b3255,9c55f435-e1f7-4969-8261-f57a03143bf5,2025-10-14T07:23:11.930353,2025-10-14T07:28:11.930353,139,4103,LOAD018,Miami,Los Angeles,2025-10-17 07:23:11,2025-10-18 07:23:11,Flatbed,3276,1225,,2,True,no_match,very_negative,Synthetic test call,,2025-10-14T07:23:11.930353
5ed0efc6,f55eb005-ad17-4270-beae-c054a4a5c369,2025-11-14T09:08:11.930353,2025-11-14T09:13:11.930353,595,4963,LOAD006,Los Angeles,Miami,2025-11-19 09:08:11,2025-11-20 09:08:11,Reefer,3965,3465,,0,True,not_eligible,neutral,Synthetic test call,,2025-11-14T09:08:11.930353
8124aa7d,04d7d924-2006-4e85-9bc9-fe276aee9ae4,2025-09-18T03:24:11.930353,2025-09-18T03:38:11.930353,242,9959,LOAD047,Houston,New York,2025-09-20 03:24:11,2025-09-21 03:24:11,Reefer,3378,2114,,3,False,not_eligible,negative,Synthetic test call,,2025-09-18T03:24:11.930353
4a2c46eb,081ba6fa-d1bd-47b3-90a1-47d5ebaf42b8,2025-10-09T02:39:11.930353,2025-10-09T02:46:11.930353,206,7010,LOAD049,Chicago,Miami,2025-10-13 02:39:11,2025-10-14 02:39:11,Reefer,2051,1377,,0,True,no_match,positive,Synthetic test call,,2025-10-09T02:39:11.930353
13e4f6b3,41f0b01a-e542-40e5-945f-f560b0dea067,2025-11-07T10:15:11.930353,2025-11-07T10:20:11.930353,457,3459,LOAD043,Chicago,Los Angeles,2025-11-12 10:15:11,2025-11-13 10:15:11,Dry Van,2131,1622,,0,True,not_eligible,negative,Synthetic test call,,2025-11-07T10:15:11.930353
9f28132b,3190ac4a-1464-4549-8cd7-0412aa7cc95b,2025-10-12T09:16:11.930353,2025-10-12T09:27:11.930353,317,9519,LOAD015,Phoenix,Miami,2025-10-17 09:16:11,2025-10-18 09:16:11,Flatbed,2168,2445,,2,True,not_interested,positive,Synthetic test call,,2025-10-12T09:16:11.930353
391c789b,169bbe36-fa12-4d5e-8bf1-62913261650b,2025-11-05T08:51:11.930353,2025-11-05T08:54:11.930353,208,1797,LOAD049,Atlanta,Atlanta,2025-11-06 08:51:11,2025-11-07 08:51:11,Flatbed,2143,3373,3336.0,3,False,booked_load,neutral,Synthetic test call,,2025-11-05T08:51:11.930353
67f10071,c8baeeba-7e73-422c-9fb0-cd67a462bc3c,2025-11-08T03:03:11.930353,2025-11-08T03:17:11.930353,526,7090,LOAD007,New York,Dallas,2025-11-08 03:03:11,2025-11-09 03:03:11,Dry Van,3463,3421,3501.0,2,True,booked_load,negative,Synthetic test call,,2025-11-08T03:03:11.930353
75ff133a,dda85c1d-9ebb-41ab-8456-672275beebfb,2025-10-23T03:16:11.930353,2025-10-23T03:21:11.930353,335,6885,LOAD047,New York,Dallas,2025-10-28 03:16:11,2025-10-29 03:16:11,Reefer,2073,2282,,1,True,no_load_price,very_positive,Synthetic test call,,2025-10-23T03:16:11.930353
93016c6a,3cdae1c7-c453-4be5-9ecf-f8f0529ba86b,2025-10-19T00:38:11.930353,2025-10-19T00:48:11.930353,411,8288,LOAD003,Dallas,Dallas,2025-10-22 00:38:11,2025-10-23 00:38:11,Dry Van,2089,3129,3228.0,0,False,booked_load,positive,Synthetic test call,,2025-10-19T00:38:11.930353
6af8bcfa,94678b31-c34d-46fd-ac6b-93484e335eb3,2025-09-21T09:40:11.930353,2025-09-21T09:44:11.930353,148,5961,LOAD035,Dallas,Phoenix,2025-09-26 09:40:11,2025-09-27 09:40:11,Reefer,1718,1409,,1,False,not_interested,neutral,Synthetic test call,,2025-09-21T09:40:11.930353
655999f9,12e23642-9de3-4f3c-ab89-426ef4bf7db4,2025-09-23T03:31:11.930353,2025-09-23T03:39:11.930353,302,1996,LOAD025,Atlanta,New York,2025-09-27 03:31:11,2025-09-28 03:31:11,Reefer,3410,1344,,3,False,not_interested,positive,Synthetic test call,,2025-09-23T03:31:11.930353
fe4723c9,47933713-8656-4af7-8b07-b5ace65dc440,2025-09-18T04:46:11.930353,2025-09-18T04:53:11.930353,78,4577,LOAD028,Denver,Atlanta,2025-09-23 04:46:11,2025-09-24 04:46:11,Reefer,3480,1977,,3,False,not_interested,positive,Synthetic test call,,2025-09-18T04:46:11.930353
ffc38c1a,cd9f6668-243a-4cf7-82af-f2fd9b87912f,2025-11-07T06:27:11.930353,2025-11-07T06:29:11.930353,92,7388,LOAD032,Dallas,New York,2025-11-08 06:27:11,2025-11-09 06:27:11,Reefer,3639,3290,,1,False,not_eligible,neutral,Synthetic test call,,2025-11-07T06:27:11.930353
90da3fa2,67d43949-868c-4431-bd87-c5db090f6e68,2025-10-08T00:59:11.930353,2025-10-08T01:09:11.930353,230,3987,LOAD003,Atlanta,Houston,2025-10-08 00:59:11,2025-10-09 00:59:11,Reefer,3064,1612,,3,False,not_interested,negative,Synthetic test call,,2025-10-08T00:59:11.930353
6aa81bd3,7277e21a-d754-4d5d-890a-24f6883841d4,2025-11-13T10:00:11.930353,2025-11-13T10:02:11.930353,88,9456,LOAD022,Chicago,Dallas,2025-11-14 10:00:11,2025-11-15 10:00:11,Dry Van,1947,2011,1979.0,2,True,booked_load,negative,Synthetic test call,,2025-11-13T10:00:11.930353
9b5d3df0,34414f56-b199-4079-9b94-8d60b67d9454,2025-09-23T10:22:11.930353,2025-09-23T10:29:11.930353,526,1476,LOAD007,Los Angeles,Chicago,2025-09-28 10:22:11,2025-09-29 10:22:11,Flatbed,2859,2991,,0,True,not_interested,neutral,Synthetic test call,,2025-09-23T10:22:11.930353
ded5d633,5031031e-e9c8-42d6-a548-1d54f183c67f,2025-09-26T04:11:11.930353,2025-09-26T04:16:11.930353,337,4451,LOAD013,Los Angeles,Chicago,2025-09-28 04:11:11,2025-09-29 04:11:11,Dry Van,3382,3335,3507.0,2,True,booked_load,neutral,Synthetic test call,,2025-09-26T04:11:11.930353
a0c42801,2aa49011-72e4-48ad-aa2f-c0ac2d320273,2025-10-18T06:11:11.930353,2025-10-18T06:17:11.930353,179,6876,LOAD022,Denver,Miami,2025-10-22 06:11:11,2025-10-23 06:11:11,Reefer,1666,1434,,0,False,no_load_price,neutral,Synthetic test call,,2025-10-18T06:11:11.930353
b7a7d9bc,cba57105-74f6-4d60-b012-1c898818a934,2025-10-12T09:39:11.930353,2025-10-12T09:50:11.930353,447,2003,LOAD033,Dallas,Denver,2025-10-12 09:39:11,2025-10-13 09:39:11,Dry Van,2361,2691,,1,True,no_load_price,very_negative,Synthetic test call,,2025-10-12T09:39:11.930353
d7bd715d,8e18efc0-2191-4d5a-968c-59a6b67edfa5,2025-10-10T04:32:11.930353,2025-10-10T04:47:11.930353,415,6200,LOAD008,Atlanta,New York,2025-10-11 04:32:11,2025-10-12 04:32:11,Flatbed,2172,2196,,3,True,no_load_price,very_positive,Synthetic test call,,2025-10-10T04:32:11.930353
ba08f087,788fe77d-c616-4df2-b447-d92c4b1dc115,2025-10-11T04:01:11.930353,2025-10-11T04:13:11.930353,492,5113,LOAD039,Phoenix,Miami,2025-10-11 04:01:11,2025-10-12 04:01:11,Flatbed,1790,1278,,3,True,no_match,positive,Synthetic test call,,2025-10-11T04:01:11.930353
3252ea42,e400c9cd-9572-445a-9ed2-a1503cb55796,2025-11-02T10:14:11.930353,2025-11-02T10:26:11.930353,224,2520,LOAD015,Dallas,Chicago,2025-11-06 10:14:11,2025-11-07 10:14:11,Dry Van,3492,2683,,0,False,not_interested,positive,Synthetic test call,,2025-11-02T10:14:11.930353
47a16424,132fd229-f251-449f-9a68-6c2b1e20b312,2025-09-21T08:44:11.930353,2025-09-21T08:49:11.930353,403,9057,LOAD024,Houston,Miami,2025-09-25 08:44:11,2025-09-26 08:44:11,Flatbed,2403,1592,1622.0,0,True,booked_load,negative,Synthetic test call,,2025-09-21T08:44:11.930353
603aabc0,f4467884-9959-4463-8ab5-3ac6a4287376,2025-10-21T23:02:11.930353,2025-10-21T23:07:11.930353,318,5427,LOAD031,Atlanta,Los Angeles,2025-10-24 23:02:11,2025-10-25 23:02:11,Flatbed,3951,1628,,2,False,no_load_price,neutral,Synthetic test call,,2025-10-21T23:02:11.930353
76f7e17b,0ac1186e-d304-43ec-a89b-c57265a2e8dc,2025-10-15T00:17:11.930353,2025-10-15T00:20:11.930353,465,2921,LOAD016,Miami,Los Angeles,2025-10-19 00:17:11,2025-10-20 00:17:11,Flatbed,1501,2903,,1,False,no_load_price,positive,Synthetic test call,,2025-10-15T00:17:11.930353
3de9785e,f6499550-8d66-4948-abe7-fa3db2c9506b,2025-10-05T09:55:11.930353,2025-10-05T09:59:11.930353,450,7948,LOAD024,Atlanta,Chicago,2025-10-08 09:55:11,2025-10-09 09:55:11,Dry Van,1781,3060,,2,False,not_interested,very_positive,Synthetic test call,,2025-10-05T09:55:11.930353
69b38ef6,8641e27f-7297-4ebc-96be-7b3a8f85e38b,2025-10-25T11:14:11.930353,2025-10-25T11:18:11.930353,268,3121,LOAD033,Dallas,Los Angeles,2025-10-26 11:14:11,2025-10-27 11:14:11,Dry Van,3424,2415,,3,True,not_interested,positive,Synthetic test call,,2025-10-25T11:14:11.930353
5f24f031,d06ff3bb-ffc7-4d03-87c6-b25a00a2bedf,2025-10-27T11:36:11.930353,2025-10-27T11:42:11.930353,121,5903,LOAD039,Phoenix,Miami,2025-10-27 11:36:11,2025-10-28 11:36:11,Reefer,1558,3261,,3,True,no_match,neutral,Synthetic test call,,2025-10-27T11:36:11.930353
d3822a22,82b26fc2-8b4d-4289-91a2-fe44a39bb474,2025-10-13T00:54:11.930353,2025-10-13T01:03:11.930353,341,5271,LOAD024,Houston,Dallas,2025-10-14 00:54:11,2025-10-15 00:54:11,Flatbed,1836,1699,,0,False,no_load_price,negative,Synthetic test call,,2025-10-13T00:54:11.930353
26ce2df0,6c1299ea-9480-4822-8b0d-e56ff1eb7a45,2025-10-31T08:21:11.930353,2025-10-31T08:33:11.930353,337,7646,LOAD016,Los Angeles,Miami,2025-11-04 08:21:11,2025-11-05 08:21:11,Flatbed,2439,1606,,0,True,no_match,negative,Synthetic test call,,2025-10-31T08:21:11.930353
0337818b,fd58b6dc-3a6d-48be-b6e0-24c8309c0439,2025-10-11T00:06:11.930353,2025-10-11T00:12:11.930353,572,3104,LOAD044,Miami,New York,2025-10-16 00:06:11,2025-10-17 00:06:11,Flatbed,2614,2097,,1,False,no_match,negative,Synthetic test call,,2025-10-11T00:06:11.930353
edbabbff,16d8b448-be8e-4f73-9351-be35b34fc385,2025-10-19T01:13:11.930353,2025-10-19T01:19:11.930353,377,2743,LOAD028,Atlanta,Atlanta,2025-10-19 01:13:11,2025-10-20 01:13:11,Reefer,2290,2005,,2,False,no_match,very_negative,Synthetic test call,,2025-10-19T01:13:11.930353
e640116e,b236ff83-1e50-47a0-90c6-8299ce98eb7d,2025-10-25T05:25:11.930353,2025-10-25T05:37:11.930353,451,7519,LOAD014,Dallas,Phoenix,2025-10-25 05:25:11,2025-10-26 05:25:11,Dry Van,1528,2112,,1,True,not_interested,neutral,Synthetic test call,,2025-10-25T05:25:11.930353
affc4f88,763ffb0a-b66c-42a9-8f2b-58d8413a578e,2025-11-07T10:46:11.930353,2025-11-07T11:00:11.930353,231,4390,LOAD038,Phoenix,Atlanta,2025-11-08 10:46:11,2025-11-09 10:46:11,Dry Van,1554,2109,,0,False,not_interested,negative,Synthetic test call,,2025-11-07T10:46:11.930353
d47bc582,d83484a1-4417-41af-aaae-b3aeba0a7f21,2025-11-07T02:05:11.930353,2025-11-07T02:10:11.930353,491,3411,LOAD003,Denver,Phoenix,2025-11-11 02:05:11,2025-11-12 02:05:11,Dry Van,2226,1491,1619.0,2,False,booked_load,positive,Synthetic test call,,2025-11-07T02:05:11.930353
265d9421,7ec3e398-0df2-43ae-a819-a9ae746c07ee,2025-10-19T07:16:11.930353,2025-10-19T07:25:11.930353,538,9574,LOAD035,Houston,Denver,2025-10-22 07:16:11,2025-10-23 07:16:11,Dry Van,3227,1530,,3,False,not_eligible,neutral,Synthetic test call,,2025-10-19T07:16:11.930353
3944ce4a,04f72b13-10aa-46c9-b719-03d915524d2d,2025-10-08T03:48:11.930353,2025-10-08T03:56:11.930353,340,8462,LOAD037,Chicago,Los Angeles,2025-10-08 03:48:11,2025-10-09 03:48:11,Dry Van,3945,2952,,0,True,not_eligible,neutral,Synthetic test call,,2025-10-08T03:48:11.930353
d2d5bb21,34d41774-aeb7-4c6f-87af-de353ed60d92,2025-09-26T04:53:11.930353,2025-09-26T05:08:11.930353,349,8058,LOAD045,Phoenix,Atlanta,2025-09-30 04:53:11,2025-10-01 04:53:11,Dry Van,2257,3192,,3,True,no_match,very_negative,Synthetic test call,,2025-09-26T04:53:11.930353
b36365cd,5c614bcb-de90-411a-9047-709952d9f6d4,2025-11-09T23:45:11.930353,2025-11-09T23:47:11.930353,175,1626,LOAD033,Atlanta,New York,2025-11-10 23:45:11,2025-11-11 23:45:11,Reefer,3709,1479,,3,True,not_eligible,very_positive,Synthetic test call,,2025-11-09T23:45:11.930353
6c906f74,fb527cb6-c414-4fa5-987d-c7dcefce46f0,2025-09-27T10:32:11.930353,2025-09-27T10:36:11.930353,575,9368,LOAD013,Atlanta,Chicago,2025-09-27 10:32:11,2025-09-28 10:32:11,Flatbed,1578,2305,,2,False,not_eligible,very_positive,Synthetic test call,,2025-09-27T10:32:11.930353
a73a7026,587cee98-d613-458a-80f8-618e3de9fdfe,2025-10-29T07:20:11.930353,2025-10-29T07:22:11.930353,424,8896,LOAD015,Miami,Dallas,2025-10-29 07:20:11,2025-10-30 07:20:11,Reefer,2526,1672,,3,False,no_match,very_positive,Synthetic test call,,2025-10-29T07:20:11.930353
ac9ee953,88365043-e547-468c-be97-4fbc0a34fe50,2025-10-13T04:33:11.930353,2025-10-13T04:48:11.930353,232,3984,LOAD012,Atlanta,Phoenix,2025-10-13 04:33:11,2025-10-14 04:33:11,Dry Van,1660,2299,,2,False,no_load_price,very_negative,Synthetic test call,,2025-10-13T04:33:11.930353
dd80dbfd,7b742760-ca8f-41b6-aa40-ae7793ef9d69,2025-11-07T11:58:11.930353,2025-11-07T12:11:11.930353,526,7905,LOAD024,New York,Miami,2025-11-10 11:58:11,2025-11-11 11:58:11,Flatbed,3332,3426,,2,False,no_load_price,neutral,Synthetic test call,,2025-11-07T11:58:11.930353
b93dba61,0fa07fa8-1b21-46bf-8aa9-aee3ba94c3ee,2025-09-26T23:28:11.930353,2025-09-26T23:35:11.930353,180,2315,LOAD008,Dallas,Dallas,2025-09-29 23:28:11,2025-09-30 23:28:11,Flatbed,3467,1786,,2,True,not_interested,negative,Synthetic test call,,2025-09-26T23:28:11.930353
b931862d,6452606a-e4ea-4501-94ce-0e6116e1a58c,2025-09-30T01:21:11.930353,2025-09-30T01:27:11.930353,404,7967,LOAD042,Chicago,Atlanta,2025-10-02 01:21:11,2025-10-03 01:21:11,Reefer,1971,1972,,0,False,not_eligible,very_positive,Synthetic test call,,2025-09-30T01:21:11.930353
2bd58e43,e82514dd-335f-4c1f-9625-c4ee4dcd77b4,2025-09-29T09:30:11.930353,2025-09-29T09:33:11.930353,226,3058,LOAD001,Houston,Los Angeles,2025-09-29 09:30:11,2025-09-30 09:30:11,Dry Van,2818,1319,,1,False,not_eligible,positive,Synthetic test call,,2025-09-29T09:30:11.930353
ad8d86d8,57d9b692-ff2b-495b-b000-c8fef982c9e0,2025-09-28T10:57:11.930353,2025-09-28T11:05:11.930353,179,6812,LOAD022,Dallas,Houston,2025-10-03 10:57:11,2025-10-04 10:57:11,Flatbed,3805,2075,,2,False,no_load_price,positive,Synthetic test call,,2025-09-28T10:57:11.930353
433fc125,6e411396-4038-4687-b719-f6e7472043a9,2025-11-15T07:43:11.930353,2025-11-15T07:55:11.930353,297,5757,LOAD050,Houston,Miami,2025-11-18 07:43:11,2025-11-19 07:43:11,Dry Van,2559,1275,,1,False,no_load_price,very_negative,Synthetic test call,,2025-11-15T07:43:11.930353
4db15930,d2951f28-581d-46e5-b71c-d731c33fc1ca,2025-09-17T10:37:11.930353,2025-09-17T10:40:11.930353,544,5340,LOAD013,Denver,Miami,2025-09-17 10:37:11,2025-09-18 10:37:11,Dry Van,1561,2274,,3,True,not_interested,very_positive,Synthetic test call,,2025-09-17T10:37:11.930353
719edaab,586f1383-fbdb-4500-8f01-84f7e7d93624,2025-10-06T05:54:11.930353,2025-10-06T06:07:11.930353,539,2759,LOAD016,New York,Houston,2025-10-06 05:54:11,2025-10-07 05:54:11,Reefer,3959,1696,,0,True,no_match,very_positive,Synthetic test call,,2025-10-06T05:54:11.930353
21200ca3,1387b280-cb33-4111-959f-fbfa324de39b,2025-10-30T10:42:11.930353,2025-10-30T10:47:11.930353,582,5929,LOAD029,Denver,Chicago,2025-11-03 10:42:11,2025-11-04 10:42:11,Flatbed,3838,1927,,3,False,no_match,neutral,Synthetic test call,,2025-10-30T10:42:11.930353
11c5e81e,02271299-afd1-4157-809a-eb606ad4dd54,2025-10-07T09:34:11.930353,2025-10-07T09:49:11.930353,509,9660,LOAD026,Atlanta,New York,2025-10-10 09:34:11,2025-10-11 09:34:11,Reefer,1519,2455,,3,True,no_load_price,very_negative,Synthetic test call,,2025-10-07T09:34:11.930353
00662ea8,a4897aef-30cd-4856-96c8-bbff99f0e2c5,2025-10-06T22:26:11.930353,2025-10-06T22:30:11.930353,578,4414,LOAD018,Houston,Phoenix,2025-10-10 22:26:11,2025-10-11 22:26:11,Flatbed,3294,3188,,2,False,not_eligible,negative,Synthetic test call,,2025-10-06T22:26:11.930353
f523735f,924bf812-f49a-4010-b510-428ef0531d94,2025-10-30T23:38:11.930353,2025-10-30T23:44:11.930353,564,3577,LOAD040,Denver,Phoenix,2025-10-30 23:38:11,2025-10-31 23:38:11,Flatbed,3458,1454,,2,False,not_eligible,negative,Synthetic test call,,2025-10-30T23:38:11.930353
9e366d5a,c7aebf05-7149-4680-afc8-eaa55a519c73,2025-11-15T08:25:11.930353,2025-11-15T08:34:11.930353,261,4565,LOAD043,Los Angeles,Los Angeles,2025-11-18 08:25:11,2025-11-19 08:25:11,Reefer,3950,1937,,3,False,not_interested,neutral,Synthetic test call,,2025-11-15T08:25:11.930353
1e320284,ea0d74e8-588f-46c1-88fd-2c61110a5a7e,2025-11-04T06:53:11.930353,2025-11-04T07:05:11.930353,109,6246,LOAD007,Phoenix,Los Angeles,2025-11-06 06:53:11,2025-11-07 06:53:11,Flatbed,3984,2485,,3,False,not_eligible,very_negative,Synthetic test call,,2025-11-04T06:53:11.930353
71c3e80d,31fb2385-9679-4750-99e4-af23e1c81fc6,2025-11-04T12:03:11.930353,2025-11-04T12:18:11.930353,64,4197,LOAD039,Phoenix,Los Angeles,2025-11-05 12:03:11,2025-11-06 12:03:11,Reefer,2754,2709,,3,True,no_match,negative,Synthetic test call,,2025-11-04T12:03:11.930353
e1f50cac,e18b336f-f7ca-4478-bce1-fd7ac1b83035,2025-10-12T05:58:11.930353,2025-10-12T06:01:11.930353,242,3692,LOAD035,Phoenix,Atlanta,2025-10-12 05:58:11,2025-10-13 05:58:11,Dry Van,3403,1415,,2,False,not_eligible,very_negative,Synthetic test call,,2025-10-12T05:58:11.930353
a9d159c8,ef3e16a0-9a04-430e-a9a3-508a290a59ed,2025-10-30T06:57:11.930353,2025-10-30T07:12:11.930353,393,2473,LOAD041,Dallas,Denver,2025-10-30 06:57:11,2025-10-31 06:57:11,Flatbed,3088,1435,,2,True,not_eligible,very_positive,Synthetic test call,,2025-10-30T06:57:11.930353
414088fe,42ed4f96-674f-4f14-87db-0bb0dea3612e,2025-11-14T23:07:11.930353,2025-11-14T23:14:11.930353,454,9961,LOAD017,Chicago,New York,2025-11-17 23:07:11,2025-11-18 23:07:11,Reefer,2910,1997,,3,False,not_interested,neutral,Synthetic test call,,2025-11-14T23:07:11.930353
ee68dda2,25275989-3ad2-4ef6-af06-5ae0116d6315,2025-10-29T10:56:11.930353,2025-10-29T11:11:11.930353,397,2591,LOAD027,Chicago,Los Angeles,2025-11-03 10:56:11,2025-11-04 10:56:11,Reefer,2938,3429,,3,False,no_match,very_negative,Synthetic test call,,2025-10-29T10:56:11.930353
1b7fc306,05b319ed-017e-4d58-b7b7-adbe33610e23,2025-10-30T00:10:11.930353,2025-10-30T00:23:11.930353,449,4183,LOAD035,Denver,Miami,2025-11-01 00:10:11,2025-11-02 00:10:11,Reefer,2430,3496,,3,True,not_interested,positive,Synthetic test call,,2025-10-30T00:10:11.930353
03af612d,01ddef1c-6a98-42a4-b1f0-d16a63171012,2025-11-14T22:21:11.930353,2025-11-14T22:28:11.930353,413,7225,LOAD048,Dallas,Miami,2025-11-18 22:21:11,2025-11-19 22:21:11,Reefer,3378,3108,,1,False,not_interested,negative,Synthetic test call,,2025-11-14T22:21:11.930353
1c99538c,f14e5dc4-12df-4a4e-9f9a-0f3c4ba5ff4d,2025-09-17T08:09:11.930353,2025-09-17T08:20:11.930353,93,5368,LOAD041,Houston,Dallas,2025-09-19 08:09:11,2025-09-20 08:09:11,Flatbed,2242,3377,,3,False,no_match,very_negative,Synthetic test call,,2025-09-17T08:09:11.930353
159e89a0,28a32b0a-00fb-4d4e-a679-571c835af5e4,2025-11-11T10:07:11.930353,2025-11-11T10:18:11.930353,576,1410,LOAD018,Chicago,Miami,2025-11-14 10:07:11,2025-11-15 10:07:11,Reefer,3703,1492,,3,False,not_eligible,negative,Synthetic test call,,2025-11-11T10:07:11.930353
5a07bbee,f61f52e2-85c6-4cbd-9c40-15510d5aa24b,2025-10-03T09:11:11.930353,2025-10-03T09:22:11.930353,65,2133,LOAD009,Chicago,Chicago,2025-10-06 09:11:11,2025-10-07 09:11:11,Reefer,3919,2747,,2,False,no_match,negative,Synthetic test call,,2025-10-03T09:11:11.930353
f4b737d0,4f6476f2-f020-4e20-8334-406316acec92,2025-10-25T23:11:11.930353,2025-10-25T23:14:11.930353,213,5733,LOAD042,Houston,New York,2025-10-25 23:11:11,2025-10-26 23:11:11,Reefer,2345,1296,,2,False,no_load_price,negative,Synthetic test call,,2025-10-25T23:11:11.930353
0c3da119,b0520a33-f0d3-4702-ab59-bd897d1beff1,2025-11-02T03:48:11.930353,2025-11-02T03:51:11.930353,134,5233,LOAD036,Chicago,Chicago,2025-11-05 03:48:11,2025-11-06 03:48:11,Reefer,2280,1209,,0,False,not_interested,very_negative,Synthetic test call,,2025-11-02T03:48:11.930353
f983eb48,920288b1-a20b-41b5-802c-07d4ea094979,2025-11-15T01:26:11.930353,2025-11-15T01:29:11.930353,278,7945,LOAD035,New York,Houston,2025-11-16 01:26:11,2025-11-17 01:26:11,Reefer,2799,2236,2185.0,3,False,booked_load,negative,Synthetic test call,,2025-11-15T01:26:11.930353
7406ef84,b6d23a38-69cf-4f73-a892-a288c7090b51,2025-10-21T08:35:11.930353,2025-10-21T08:42:11.930353,536,5251,LOAD018,Denver,Los Angeles,2025-10-24 08:35:11,2025-10-25 08:35:11,Dry Van,1569,2874,,2,True,not_interested,very_positive,Synthetic test call,,2025-10-21T08:35:11.930353
b418f10c,8b924509-f9f6-45cb-b7d8-08e7b1786ae7,2025-10-30T23:32:11.930353,2025-10-30T23:45:11.930353,435,2217,LOAD047,Chicago,Miami,2025-11-02 23:32:11,2025-11-03 23:32:11,Reefer,3103,2690,2881.0,1,True,booked_load,very_negative,Synthetic test call,,2025-10-30T23:32:11.930353
bce40fdd,53f110e0-9721-49ce-acd5-19cf6e00b36a,2025-09-28T05:17:11.930353,2025-09-28T05:20:11.930353,207,6174,LOAD016,Denver,Miami,2025-10-02 05:17:11,2025-10-03 05:17:11,Reefer,3254,3269,3213.0,0,False,booked_load,very_positive,Synthetic test call,,2025-09-28T05:17:11.930353
68dc7f1d,71323bb8-a47a-4876-b3fe-d466338b686f,2025-10-20T10:08:11.930353,2025-10-20T10:16:11.930353,296,1574,LOAD037,Miami,Miami,2025-10-25 10:08:11,2025-10-26 10:08:11,Reefer,1500,1780,,3,False,no_load_price,very_positive,Synthetic test call,,2025-10-20T10:08:11.930353
a6514880,7d1d87fc-8df9-4fdc-be91-ea2d8044f569,2025-11-01T07:35:11.930353,2025-11-01T07:50:11.930353,221,9908,LOAD048,Miami,Dallas,2025-11-03 07:35:11,2025-11-04 07:35:11,Dry Van,3955,1758,,2,True,not_interested,positive,Synthetic test call,,2025-11-01T07:35:11.930353
997f371e,1e40c22c-3cc3-4720-ae27-4cfc8162da7a,2025-10-11T09:03:11.930353,2025-10-11T09:14:11.930353,340,2856,LOAD015,Atlanta,Los Angeles,2025-10-13 09:03:11,2025-10-14 09:03:11,Dry Van,1898,2879,,1,True,no_match,neutral,Synthetic test call,,2025-10-11T09:03:11.930353
024e91e1,33b6a2a7-bee2-4d71-84cd-c3dcf53d2220,2025-10-05T08:22:11.930353,2025-10-05T08:32:11.930353,239,4297,LOAD028,Miami,Denver,2025-10-06 08:22:11,2025-10-07 08:22:11,Dry Van,3171,2925,,2,True,no_match,very_negative,Synthetic test call,,2025-10-05T08:22:11.930353
facd6cb8,f3a15e07-c57a-479f-a3d4-04a01b0ad8c1,2025-10-06T10:51:11.930353,2025-10-06T10:53:11.930353,248,1728,LOAD026,Atlanta,Chicago,2025-10-08 10:51:11,2025-10-09 10:51:11,Reefer,1977,2121,,2,True,not_interested,very_positive,Synthetic test call,,2025-10-06T10:51:11.930353
c1142960,eb62711c-440c-4bc8-871c-d49cd5150bfa,2025-10-26T23:31:11.930353,2025-10-26T23:40:11.930353,209,5894,LOAD035,Dallas,New York,2025-10-31 23:31:11,2025-11-01 23:31:11,Dry Van,2376,2537,,1,False,no_load_price,very_positive,Synthetic test call,,2025-10-26T23:31:11.930353
a53b1f0c,0d012fa4-2dc6-44a4-8e31-edd96951fcc4,2025-09-27T11:25:11.930353,2025-09-27T11:35:11.930353,380,5190,LOAD013,Los Angeles,Los Angeles,2025-09-28 11:25:11,2025-09-29 11:25:11,Flatbed,1635,2960,,1,False,no_load_price,negative,Synthetic test call,,2025-09-27T11:25:11.930353
72a1a95f,565ddbb8-a536-4fae-9b3a-c123262135f3,2025-11-06T04:03:11.930353,2025-11-06T04:05:11.930353,455,4304,LOAD025,Phoenix,Houston,2025-11-08 04:03:11,2025-11-09 04:03:11,Flatbed,2477,1644,,1,True,no_match,negative,Synthetic test call,,2025-11-06T04:03:11.930353
aeea873e,c3aed212-5081-4d3b-8994-119f17a8f598,2025-11-02T03:10:11.930353,2025-11-02T03:21:11.930353,531,7307,LOAD048,Los Angeles,Atlanta,2025-11-06 03:10:11,2025-11-07 03:10:11,Flatbed,3666,1484,1503.0,0,True,booked_load,positive,Synthetic test call,,2025-11-02T03:10:11.930353
b41a433a,5ba89f8c-67de-46ab-b016-278dee37a6b8,2025-11-10T07:19:11.930353,2025-11-10T07:32:11.930353,144,6705,LOAD005,Denver,Miami,2025-11-12 07:19:11,2025-11-13 07:19:11,Reefer,1746,1865,1955.0,2,False,booked_load,positive,Synthetic test call,,2025-11-10T07:19:11.930353
a35cc159,486c1189-117b-4816-ac27-ff71088e7174,2025-10-01T04:20:11.930353,2025-10-01T04:29:11.930353,521,2390,LOAD018,Houston,Chicago,2025-10-03 04:20:11,2025-10-04 04:20:11,Flatbed,3893,2620,,3,True,no_match,positive,Synthetic test call,,2025-10-01T04:20:11.930353
3e58d44a,1bb0f7cf-aa49-4f7c-97a3-47de01944c9f,2025-10-28T11:54:11.930353,2025-10-28T11:57:11.930353,369,6555,LOAD007,Houston,Dallas,2025-10-28 11:54:11,2025-10-29 11:54:11,Flatbed,3811,2056,,2,False,not_eligible,neutral,Synthetic test call,,2025-10-28T11:54:11.930353
987dcda5,582f61f4-d2da-4863-9153-0a9034e51520,2025-10-07T08:32:11.930353,2025-10-07T08:42:11.930353,213,8627,LOAD045,Dallas,Miami,2025-10-07 08:32:11,2025-10-08 08:32:11,Dry Van,3397,3046,,1,False,no_match,positive,Synthetic test call,,2025-10-07T08:32:11.930353
118595f7,51e06536-edb6-4af3-b563-5a9485cc0970,2025-10-29T00:52:11.930353,2025-10-29T01:00:11.930353,411,1266,LOAD003,Miami,New York,2025-11-03 00:52:11,2025-11-04 00:52:11,Flatbed,2082,2440,,2,True,no_load_price,neutral,Synthetic test call,,2025-10-29T00:52:11.930353
8891da32,3a5d0908-21c1-4d41-9dbf-793888b2ff40,2025-10-09T06:02:11.930353,2025-10-09T06:07:11.930353,102,6060,LOAD037,Chicago,Phoenix,2025-10-13 06:02:11,2025-10-14 06:02:11,Dry Van,2781,3457,,3,False,no_load_price,positive,Synthetic test call,,2025-10-09T06:02:11.930353
8359c5f2,170cd163-a52e-4d69-bcd2-5049fa7ed20a,2025-10-05T07:22:11.930353,2025-10-05T07:28:11.930353,60,7070,LOAD045,Phoenix,Los Angeles,2025-10-06 07:22:11,2025-10-07 07:22:11,Dry Van,2020,1806,,3,True,not_interested,neutral,Synthetic test call,,2025-10-05T07:22:11.930353
c04ca7bc,bf8ffe82-6691-4bd4-874a-7bbd8768a3fb,2025-09-25T02:27:11.930353,2025-09-25T02:33:11.930353,560,1715,LOAD028,Chicago,Dallas,2025-09-29 02:27:11,2025-09-30 02:27:11,Flatbed,2146,2779,,3,False,no_match,neutral,Synthetic test call,,2025-09-25T02:27:11.930353
81c20cd0,68ef757a-d7f4-4cd4-aee7-b1bad5c5566e,2025-10-03T04:17:11.930353,2025-10-03T04:19:11.930353,550,9561,LOAD005,Chicago,Denver,2025-10-08 04:17:11,2025-10-09 04:17:11,Flatbed,2760,3237,,0,True,not_eligible,very_positive,Synthetic test call,,2025-10-03T04:17:11.930353
6115d2af,b8824c67-0368-454a-be18-47be7ba2bd64,2025-09-18T01:47:11.930353,2025-09-18T02:01:11.930353,581,5223,LOAD044,Phoenix,Los Angeles,2025-09-22 01:47:11,2025-09-23 01:47:11,Flatbed,2681,1253,,3,True,no_match,negative,Synthetic test call,,2025-09-18T01:47:11.930353
8d2c3b42,60b7d4aa-5a9e-48d0-91fb-4fca11a3eda4,2025-10-18T06:55:11.930353,2025-10-18T07:01:11.930353,343,4585,LOAD023,Dallas,Miami,2025-10-18 06:55:11,2025-10-19 06:55:11,Dry Van,3331,1352,,3,False,no_load_price,neutral,Synthetic test call,,2025-10-18T06:55:11.930353
b13ef4c6,df225811-ff3b-4fec-a2dc-6233e32bc58b,2025-10-17T03:01:11.930353,2025-10-17T03:14:11.930353,359,4990,LOAD008,Miami,Atlanta,2025-10-17 03:01:11,2025-10-18 03:01:11,Dry Van,3502,2246,,1,False,not_interested,positive,Synthetic test call,,2025-10-17T03:01:11.930353
175eac6e,e46f106b-4ea5-4cd5-b3f9-da6491ad0367,2025-11-04T00:32:11.930353,2025-11-04T00:40:11.930353,255,5181,LOAD016,Dallas,Miami,2025-11-09 00:32:11,2025-11-10 00:32:11,Flatbed,3855,2460,,3,True,not_eligible,positive,Synthetic test call,,2025-11-04T00:32:11.930353
29508eba,5e742706-e79b-4f55-8408-9e1bc6115fd1,2025-11-13T07:44:11.930353,2025-11-13T07:53:11.930353,296,9213,LOAD001,Houston,Los Angeles,2025-11-14 07:44:11,2025-11-15 07:44:11,Reefer,2921,2010,,3,False,not_eligible,positive,Synthetic test call,,2025-11-13T07:44:11.930353
cab71d81,df2f4a03-13dc-4b9d-bb06-5c91d181f4c5,2025-11-12T23:07:11.930353,2025-11-12T23:10:11.930353,406,7554,LOAD025,Los Angeles,Houston,2025-11-13 23:07:11,2025-11-14 23:07:11,Dry Van,3081,1776,,2,False,not_interested,negative,Synthetic test call,,2025-11-12T23:07:11.930353
300fd961,3d8d1435-35cc-44a1-94bb-f32714d66a15,2025-10-10T04:33:11.930353,2025-10-10T04:37:11.930353,248,3192,LOAD050,Phoenix,Miami,2025-10-10 04:33:11,2025-10-11 04:33:11,Dry Van,3182,1723,,1,False,no_load_price,very_negative,Synthetic test call,,2025-10-10T04:33:11.930353
16557c16,26b24903-ba86-4ee5-928f-634d4875883e,2025-09-28T08:40:11.930353,2025-09-28T08:43:11.930353,403,2770,LOAD042,Chicago,Chicago,2025-09-30 08:40:11,2025-10-01 08:40:11,Reefer,1843,2274,2234.0,0,False,booked_load,very_positive,Synthetic test call,,2025-09-28T08:40:11.930353
bb023e4c,11474db1-64d7-42b9-b455-ba235685f0b7,2025-10-04T02:58:11.930353,2025-10-04T03:11:11.930353,63,3897,LOAD033,Houston,Chicago,2025-10-04 02:58:11,2025-10-05 02:58:11,Flatbed,3049,3091,,3,False,no_match,very_positive,Synthetic test call,,2025-10-04T02:58:11.930353
01db1d16,8ff53091-a66b-4008-9c4c-5c0918036635,2025-11-06T02:15:11.930353,2025-11-06T02:27:11.930353,433,3645,LOAD026,Los Angeles,Phoenix,2025-11-08 02:15:11,2025-11-09 02:15:11,Reefer,2823,1385,,1,True,not_eligible,very_positive,Synthetic test call,,2025-11-06T02:15:11.930353
a87af043,a09f1cfe-a14a-4bae-8dad-d4f87ea7b3b7,2025-11-15T00:29:11.930353,2025-11-15T00:38:11.930353,571,6540,LOAD036,Houston,Phoenix,2025-11-19 00:29:11,2025-11-20 00:29:11,Flatbed,1860,2273,,1,False,no_match,neutral,Synthetic test call,,2025-11-15T00:29:11.930353
9f56e207,bdce6af6-cf75-49eb-b64b-a791b0f7e1f5,2025-10-08T04:37:11.930353,2025-10-08T04:44:11.930353,131,4196,LOAD041,Chicago,Atlanta,2025-10-10 04:37:11,2025-10-11 04:37:11,Flatbed,3884,3300,,2,False,not_eligible,positive,Synthetic test call,,2025-10-08T04:37:11.930353
91d14b94,cc2ac4c9-bf1a-4a3c-b624-9e80c0329b44,2025-10-12T00:00:11.930353,2025-10-12T00:15:11.930353,296,3384,LOAD044,Chicago,Houston,2025-10-15 00:00:11,2025-10-16 00:00:11,Flatbed,3915,2885,,2,True,no_match,positive,Synthetic test call,,2025-10-12T00:00:11.930353
0b2a8239,02530470-8bb7-4067-8601-6fd8068fa1e6,2025-10-11T03:59:11.930353,2025-10-11T04:04:11.930353,405,7554,LOAD006,Dallas,Chicago,2025-10-15 03:59:11,2025-10-16 03:59:11,Reefer,2193,1617,,3,False,not_eligible,positive,Synthetic test call,,2025-10-11T03:59:11.930353
ae7bf8b2,337a32b2-8bb3-4cb9-a3d2-e644690ead54,2025-11-05T09:04:11.930353,2025-11-05T09:08:11.930353,240,8761,LOAD040,Houston,Miami,2025-11-09 09:04:11,2025-11-10 09:04:11,Flatbed,2787,2692,,3,True,no_match,very_positive,Synthetic test call,,2025-11-05T09:04:11.930353
929f08bd,66689120-3d19-4ed4-9f0a-440b82351aa7,2025-09-30T13:08:11.930353,2025-09-30T13:12:11.930353,99,9802,LOAD039,Los Angeles,Los Angeles,2025-10-04 13:08:11,2025-10-05 13:08:11,Reefer,3673,2079,,3,False,no_load_price,negative,Synthetic test call,,2025-09-30T13:08:11.930353
f4ad0f6d,9c55e7e1-99ae-4c22-9be9-e7bd9a3da18c,2025-11-04T02:20:11.930353,2025-11-04T02:33:11.930353,550,4085,LOAD029,Houston,Phoenix,2025-11-06 02:20:11,2025-11-07 02:20:11,Dry Van,3913,2287,,1,False,no_load_price,negative,Synthetic test call,,2025-11-04T02:20:11.930353
b5e3786f,dc46fc79-e465-4f4c-bd27-038e6e8f7310,2025-10-01T01:46:11.930353,2025-10-01T01:58:11.930353,372,3786,LOAD013,Dallas,Houston,2025-10-05 01:46:11,2025-10-06 01:46:11,Dry Van,2019,3296,3413.0,2,False,booked_load,very_negative,Synthetic test call,,2025-10-01T01:46:11.930353
9f36e1c2,2ed5e230-301f-42ec-9f40-7b1dd46e4f45,2025-10-24T03:21:11.930353,2025-10-24T03:25:11.930353,406,1392,LOAD014,Dallas,Miami,2025-10-27 03:21:11,2025-10-28 03:21:11,Flatbed,1580,3076,,3,False,no_match,neutral,Synthetic test call,,2025-10-24T03:21:11.930353
c36f990b,7fcc0e88-b537-4a5c-aa7b-24125939a5b7,2025-10-28T22:20:11.930353,2025-10-28T22:35:11.930353,595,9588,LOAD020,New York,Atlanta,2025-10-30 22:20:11,2025-10-31 22:20:11,Flatbed,2553,1923,1974.0,2,True,booked_load,neutral,Synthetic test call,,2025-10-28T22:20:11.930353
fc767901,c5498596-2559-451f-be4d-bbea6a626d4a,2025-10-30T05:51:11.930353,2025-10-30T05:59:11.930353,253,1079,LOAD022,Chicago,Denver,2025-11-01 05:51:11,2025-11-02 05:51:11,Flatbed,2803,1744,,2,False,no_match,negative,Synthetic test call,,2025-10-30T05:51:11.930353
48096ed1,9a3ee27a-53e1-4aa6-b2d8-ce344d8b9ac3,2025-09-19T22:34:11.930353,2025-09-19T22:49:11.930353,231,9033,LOAD024,Chicago,Chicago,2025-09-21 22:34:11,2025-09-22 22:34:11,Dry Van,2275,2531,,1,False,no_load_price,neutral,Synthetic test call,,2025-09-19T22:34:11.930353
23958bd4,b73f23ae-a2fe-4d90-a074-59888141e3d1,2025-09-25T07:50:11.930353,2025-09-25T08:05:11.930353,356,4387,LOAD003,Atlanta,Houston,2025-09-27 07:50:11,2025-09-28 07:50:11,Dry Van,1942,2984,,2,False,no_load_price,neutral,Synthetic test call,,2025-09-25T07:50:11.930353
271d2b80,349ec171-bfcb-4adc-aec8-0871fd3b843d,2025-11-15T00:39:11.930353,2025-11-15T00:52:11.930353,229,6590,LOAD008,New York,Dallas,2025-11-15 00:39:11,2025-11-16 00:39:11,Dry Van,3821,1639,,0,False,not_eligible,very_positive,Synthetic test call,,2025-11-15T00:39:11.930353
39fd5918,96bdfd89-08c4-44bf-9e97-b2a3632ffc2a,2025-11-02T00:46:11.930353,2025-11-02T00:53:11.930353,288,3119,LOAD036,New York,Houston,2025-11-04 00:46:11,2025-11-05 00:46:11,Reefer,3350,3500,3666.0,1,True,booked_load,neutral,Synthetic test call,,2025-11-02T00:46:11.930353
46aa125a,2ff61322-f36e-41e5-8cd9-97ca68fe6580,2025-09-25T11:55:11.930353,2025-09-25T12:03:11.930353,182,2129,LOAD050,Chicago,Dallas,2025-09-28 11:55:11,2025-09-29 11:55:11,Reefer,1509,2080,,3,True,no_match,very_positive,Synthetic test call,,2025-09-25T11:55:11.930353
b43b1901,d452880f-5319-475c-bd30-55b696454569,2025-10-23T12:36:11.930353,2025-10-23T12:42:11.930353,302,7717,LOAD021,Los Angeles,Miami,2025-10-27 12:36:11,2025-10-28 12:36:11,Flatbed,1888,1956,,3,False,not_interested,very_positive,Synthetic test call,,2025-10-23T12:36:11.930353
c7eadd93,3cd695ca-4303-449d-a8e2-f83f3d5b843a,2025-10-20T04:26:11.930353,2025-10-20T04:31:11.930353,148,3933,LOAD012,Chicago,New York,2025-10-20 04:26:11,2025-10-21 04:26:11,Dry Van,2597,1376,,1,True,no_load_price,positive,Synthetic test call,,2025-10-20T04:26:11.930353
d02f4392,90866a13-b22e-43f3-99af-dd87211596f7,2025-09-28T03:32:11.930353,2025-09-28T03:36:11.930353,195,6141,LOAD004,Houston,New York,2025-09-30 03:32:11,2025-10-01 03:32:11,Reefer,2785,2906,,0,False,no_load_price,very_positive,Synthetic test call,,2025-09-28T03:32:11.930353
792b335a,6bf02035-7a04-4a1c-b00f-32f1b2247d9b,2025-09-18T04:09:11.930353,2025-09-18T04:11:11.930353,446,4657,LOAD010,Phoenix,Miami,2025-09-18 04:09:11,2025-09-19 04:09:11,Reefer,3418,1250,,0,False,not_eligible,neutral,Synthetic test call,,2025-09-18T04:09:11.930353
10aad8b8,c53456e7-c460-4907-a6a5-e132c83de8ff,2025-10-22T00:16:11.930353,2025-10-22T00:24:11.930353,477,6375,LOAD037,Atlanta,Houston,2025-10-23 00:16:11,2025-10-24 00:16:11,Flatbed,3187,3258,,2,False,not_interested,positive,Synthetic test call,,2025-10-22T00:16:11.930353
9550961b,4a8d5026-c543-48fd-8ea0-e5590f877051,2025-10-07T12:25:11.930353,2025-10-07T12:36:11.930353,424,1544,LOAD003,Dallas,Atlanta,2025-10-11 12:25:11,2025-10-12 12:25:11,Reefer,2928,2305,2318.0,0,True,booked_load,very_positive,Synthetic test call,,2025-10-07T12:25:11.930353
46deb312,be76c6e5-6bed-4677-b05c-be9f7a523f5f,2025-11-14T11:39:11.930353,2025-11-14T11:43:11.930353,252,1035,LOAD016,Miami,Miami,2025-11-17 11:39:11,2025-11-18 11:39:11,Dry Van,2510,2098,,3,True,not_interested,positive,Synthetic test call,,2025-11-14T11:39:11.930353
7b545b9c,bd8de3d6-7016-44c6-b561-0bd1730c85d3,2025-11-05T23:26:11.930353,2025-11-05T23:35:11.930353,205,9749,LOAD037,Houston,Houston,2025-11-09 23:26:11,2025-11-10 23:26:11,Dry Van,2978,3270,,3,True,not_eligible,negative,Synthetic test call,,2025-11-05T23:26:11.930353
2cc2d57d,30eed883-8006-4b57-a518-eda5b64be31c,2025-10-26T01:36:11.930353,2025-10-26T01:41:11.930353,257,1695,LOAD019,Los Angeles,New York,2025-10-30 01:36:11,2025-10-31 01:36:11,Dry Van,2722,1768,1719.0,1,False,booked_load,neutral,Synthetic test call,,2025-10-26T01:36:11.930353
3eae117b,c6a3830c-06cf-48cd-9991-1e93cbc2c077,2025-09-21T04:49:11.930353,2025-09-21T04:53:11.930353,166,4797,LOAD014,Atlanta,Miami,2025-09-21 04:49:11,2025-09-22 04:49:11,Reefer,3339,2468,2512.0,2,False,booked_load,negative,Synthetic test call,,2025-09-21T04:49:11.930353
b459ac57,364c3568-5973-4873-bb25-ecf0281799aa,2025-09-27T05:23:11.930353,2025-09-27T05:33:11.930353,519,4133,LOAD011,Phoenix,Los Angeles,2025-10-02 05:23:11,2025-10-03 05:23:11,Reefer,3483,1800,,1,True,not_interested,positive,Synthetic test call,,2025-09-27T05:23:11.930353
89441215,42eb7eac-c637-45fe-ae53-829415b80e27,2025-10-25T23:46:11.930353,2025-10-25T23:59:11.930353,321,1575,LOAD004,Atlanta,New York,2025-10-29 23:46:11,2025-10-30 23:46:11,Flatbed,3081,3494,3660.0,2,False,booked_load,positive,Synthetic test call,,2025-10-25T23:46:11.930353
d925a33e,cbd7dbe9-30df-46f4-8247-1698df741e66,2025-11-06T09:00:11.930353,2025-11-06T09:07:11.930353,341,6858,LOAD028,Phoenix,Phoenix,2025-11-10 09:00:11,2025-11-11 09:00:11,Reefer,2895,3034,,1,True,no_match,negative,Synthetic test call,,2025-11-06T09:00:11.930353
3d9ed1d7,33442fda-deb4-4f1f-bd2c-b459e9ded7f2,2025-10-28T12:52:11.930353,2025-10-28T12:58:11.930353,363,2247,LOAD026,New York,Dallas,2025-11-01 12:52:11,2025-11-02 12:52:11,Flatbed,3600,2123,,3,False,no_match,negative,Synthetic test call,,2025-10-28T12:52:11.930353
26adabde,9828cc50-8982-4ab2-af13-f2c4fe2132d0,2025-10-13T22:37:11.930353,2025-10-13T22:41:11.930353,126,7209,LOAD029,Chicago,New York,2025-10-14 22:37:11,2025-10-15 22:37:11,Dry Van,3770,1514,1531.0,2,False,booked_load,very_negative,Synthetic test call,,2025-10-13T22:37:11.930353
